0.008774,0.013473,3043,200,41,http://localhost:8080/config
0.006853,0.007827,5238,200,41,http://localhost:8080/config
0.006651,0.007495,5470,200,41,http://localhost:8080/config
0.006443,0.007242,5661,200,41,http://localhost:8080/config
0.006930,0.007725,5307,200,41,http://localhost:8080/config
0.006562,0.007375,5559,200,41,http://localhost:8080/config
0.006928,0.007684,5335,200,41,http://localhost:8080/config
0.006952,0.007914,5180,200,41,http://localhost:8080/config
0.007146,0.008069,5081,200,41,http://localhost:8080/config
0.007626,0.008530,4806,200,41,http://localhost:8080/config
0.007515,0.008404,4878,200,41,http://localhost:8080/config
0.007877,0.008799,4659,200,41,http://localhost:8080/config
0.007401,0.008266,4960,200,41,http://localhost:8080/config
0.007601,0.008605,4764,200,41,http://localhost:8080/config
0.007844,0.008654,4737,200,41,http://localhost:8080/config
0.007853,0.008713,4705,200,41,http://localhost:8080/config
0.008329,0.009258,4428,200,41,http://localhost:8080/config
0.007743,0.008640,4745,200,41,http://localhost:8080/config
0.007832,0.008748,4686,200,41,http://localhost:8080/config
0.007603,0.008491,4828,200,41,http://localhost:8080/config
0.007765,0.008681,4722,200,41,http://localhost:8080/config
0.007921,0.008832,4642,200,41,http://localhost:8080/config
0.007708,0.008640,4745,200,41,http://localhost:8080/config
0.008184,0.009057,4526,200,41,http://localhost:8080/config
0.007577,0.008460,4846,200,41,http://localhost:8080/config
0.007603,0.008496,4825,200,41,http://localhost:8080/config
0.007589,0.008499,4824,200,41,http://localhost:8080/config
0.007804,0.008756,4682,200,41,http://localhost:8080/config
0.007641,0.008498,4824,200,41,http://localhost:8080/config
0.009316,0.010318,3973,200,41,http://localhost:8080/config
0.007763,0.008634,4748,200,41,http://localhost:8080/config
0.008349,0.009343,4388,200,41,http://localhost:8080/config
0.008154,0.009394,4364,200,41,http://localhost:8080/config
0.008214,0.009109,4501,200,41,http://localhost:8080/config
0.008252,0.009236,4439,200,41,http://localhost:8080/config
0.008434,0.009462,4333,200,41,http://localhost:8080/config
0.007818,0.008739,4691,200,41,http://localhost:8080/config
0.008377,0.009301,4408,200,41,http://localhost:8080/config
0.008451,0.009272,4421,200,41,http://localhost:8080/config
0.008305,0.009184,4464,200,41,http://localhost:8080/config
0.008511,0.009450,4338,200,41,http://localhost:8080/config
0.008484,0.009349,4385,200,41,http://localhost:8080/config
0.008534,0.009440,4343,200,41,http://localhost:8080/config
0.008923,0.009821,4174,200,41,http://localhost:8080/config
0.008493,0.009430,4347,200,41,http://localhost:8080/config
0.008429,0.009351,4384,200,41,http://localhost:8080/config
0.008916,0.009848,4163,200,41,http://localhost:8080/config
0.008041,0.009023,4543,200,41,http://localhost:8080/config
0.007937,0.008838,4639,200,41,http://localhost:8080/config
0.008100,0.008976,4567,200,41,http://localhost:8080/config
0.007910,0.008828,4644,200,41,http://localhost:8080/config
0.007849,0.008731,4695,200,41,http://localhost:8080/config
0.007700,0.008621,4755,200,41,http://localhost:8080/config
0.007986,0.008861,4627,200,41,http://localhost:8080/config
0.007973,0.008800,4659,200,41,http://localhost:8080/config
0.007725,0.008641,4744,200,41,http://localhost:8080/config
0.007853,0.008770,4675,200,41,http://localhost:8080/config
0.007576,0.008664,4732,200,41,http://localhost:8080/config
0.008263,0.009862,4157,200,41,http://localhost:8080/config
0.007510,0.008569,4784,200,41,http://localhost:8080/config
0.007960,0.008895,4609,200,41,http://localhost:8080/config
0.007951,0.009130,4490,200,41,http://localhost:8080/config
0.007834,0.008714,4705,200,41,http://localhost:8080/config
0.008102,0.009056,4527,200,41,http://localhost:8080/config
0.008154,0.009253,4430,200,41,http://localhost:8080/config
0.007940,0.008841,4637,200,41,http://localhost:8080/config
0.008067,0.008985,4563,200,41,http://localhost:8080/config
0.008302,0.009127,4492,200,41,http://localhost:8080/config
0.007884,0.008940,4586,200,41,http://localhost:8080/config
0.007569,0.008727,4698,200,41,http://localhost:8080/config
0.007743,0.008857,4629,200,41,http://localhost:8080/config
0.008121,0.009343,4388,200,41,http://localhost:8080/config
0.007719,0.008874,4620,200,41,http://localhost:8080/config
0.008269,0.009292,4412,200,41,http://localhost:8080/config
0.008488,0.009605,4268,200,41,http://localhost:8080/config
0.008210,0.009077,4516,200,41,http://localhost:8080/config
0.008560,0.009453,4337,200,41,http://localhost:8080/config
0.008909,0.009750,4205,200,41,http://localhost:8080/config
0.008701,0.009556,4290,200,41,http://localhost:8080/config
0.008387,0.009309,4404,200,41,http://localhost:8080/config
0.008287,0.009167,4472,200,41,http://localhost:8080/config
0.008347,0.009287,4414,200,41,http://localhost:8080/config
0.008146,0.009073,4518,200,41,http://localhost:8080/config
0.008292,0.009194,4459,200,41,http://localhost:8080/config
0.008329,0.009193,4459,200,41,http://localhost:8080/config
0.008334,0.009223,4445,200,41,http://localhost:8080/config
0.008295,0.009137,4487,200,41,http://localhost:8080/config
0.008895,0.009847,4163,200,41,http://localhost:8080/config
0.009537,0.010464,3918,200,41,http://localhost:8080/config
0.007760,0.008678,4724,200,41,http://localhost:8080/config
0.008313,0.009217,4448,200,41,http://localhost:8080/config
0.007924,0.008829,4643,200,41,http://localhost:8080/config
0.008210,0.009135,4488,200,41,http://localhost:8080/config
0.008078,0.008976,4567,200,41,http://localhost:8080/config
0.007873,0.008801,4658,200,41,http://localhost:8080/config
0.007512,0.008391,4886,200,41,http://localhost:8080/config
0.007818,0.008699,4713,200,41,http://localhost:8080/config
0.007708,0.008573,4782,200,41,http://localhost:8080/config
0.007504,0.008343,4914,200,41,http://localhost:8080/config
0.007851,0.008710,4707,200,41,http://localhost:8080/config
0.007848,0.008746,4687,200,41,http://localhost:8080/config
0.007498,0.008360,4904,200,41,http://localhost:8080/config
0.007998,0.008868,4623,200,41,http://localhost:8080/config
0.008649,0.009590,4275,200,41,http://localhost:8080/config
0.007750,0.008665,4731,200,41,http://localhost:8080/config
0.007647,0.008568,4785,200,41,http://localhost:8080/config
0.007807,0.008690,4718,200,41,http://localhost:8080/config
0.007687,0.008588,4774,200,41,http://localhost:8080/config
0.007836,0.008702,4711,200,41,http://localhost:8080/config
0.007739,0.008623,4754,200,41,http://localhost:8080/config
0.007630,0.008470,4840,200,41,http://localhost:8080/config
0.007522,0.008414,4872,200,41,http://localhost:8080/config
0.008078,0.008986,4562,200,41,http://localhost:8080/config
0.007712,0.008563,4788,200,41,http://localhost:8080/config
0.007544,0.008458,4847,200,41,http://localhost:8080/config
0.007676,0.008531,4806,200,41,http://localhost:8080/config
0.007493,0.008404,4878,200,41,http://localhost:8080/config
0.007595,0.008494,4826,200,41,http://localhost:8080/config
0.009016,0.009880,4149,200,41,http://localhost:8080/config
0.007947,0.008870,4622,200,41,http://localhost:8080/config
0.008166,0.009152,4479,200,41,http://localhost:8080/config
0.007810,0.008694,4715,200,41,http://localhost:8080/config
0.008384,0.009482,4323,200,41,http://localhost:8080/config
0.008173,0.009184,4464,200,41,http://localhost:8080/config
0.008179,0.009153,4479,200,41,http://localhost:8080/config
0.008069,0.009276,4420,200,41,http://localhost:8080/config
0.008077,0.009057,4526,200,41,http://localhost:8080/config
0.007659,0.008747,4687,200,41,http://localhost:8080/config
0.007960,0.009169,4471,200,41,http://localhost:8080/config
0.007887,0.008923,4594,200,41,http://localhost:8080/config
0.007937,0.008944,4584,200,41,http://localhost:8080/config
0.007865,0.008925,4593,200,41,http://localhost:8080/config
0.007928,0.008916,4598,200,41,http://localhost:8080/config
0.008020,0.008982,4564,200,41,http://localhost:8080/config
0.008475,0.009530,4302,200,41,http://localhost:8080/config
0.007833,0.008728,4697,200,41,http://localhost:8080/config
0.007197,0.008149,5031,200,41,http://localhost:8080/config
0.006820,0.007657,5354,200,41,http://localhost:8080/config
0.007325,0.008163,5022,200,41,http://localhost:8080/config
0.007584,0.008426,4865,200,41,http://localhost:8080/config
0.007493,0.008398,4882,200,41,http://localhost:8080/config
0.007619,0.008490,4829,200,41,http://localhost:8080/config
0.007810,0.008631,4750,200,41,http://localhost:8080/config
0.007426,0.008275,4954,200,41,http://localhost:8080/config
0.007610,0.008433,4861,200,41,http://localhost:8080/config
0.007593,0.008590,4772,200,41,http://localhost:8080/config
0.007970,0.008964,4573,200,41,http://localhost:8080/config
0.007875,0.008746,4687,200,41,http://localhost:8080/config
0.008838,0.009876,4151,200,41,http://localhost:8080/config
0.007861,0.008792,4663,200,41,http://localhost:8080/config
0.008133,0.009079,4515,200,41,http://localhost:8080/config
0.007712,0.008632,4749,200,41,http://localhost:8080/config
0.007948,0.009001,4555,200,41,http://localhost:8080/config
0.007880,0.008826,4645,200,41,http://localhost:8080/config
0.007949,0.008897,4608,200,41,http://localhost:8080/config
0.007988,0.008969,4571,200,41,http://localhost:8080/config
0.007531,0.008511,4817,200,41,http://localhost:8080/config
0.007624,0.008552,4794,200,41,http://localhost:8080/config
0.007811,0.008579,4779,200,41,http://localhost:8080/config
0.007851,0.008734,4694,200,41,http://localhost:8080/config
0.007630,0.008585,4775,200,41,http://localhost:8080/config
0.007889,0.008744,4688,200,41,http://localhost:8080/config
0.007846,0.008680,4723,200,41,http://localhost:8080/config
0.008016,0.008977,4567,200,41,http://localhost:8080/config
0.007358,0.008339,4916,200,41,http://localhost:8080/config
0.007930,0.008809,4654,200,41,http://localhost:8080/config
0.007744,0.008721,4701,200,41,http://localhost:8080/config
0.007998,0.008883,4615,200,41,http://localhost:8080/config
0.007810,0.008800,4659,200,41,http://localhost:8080/config
0.008078,0.009046,4532,200,41,http://localhost:8080/config
0.007749,0.008646,4742,200,41,http://localhost:8080/config
0.007800,0.008825,4645,200,41,http://localhost:8080/config
0.007949,0.009005,4553,200,41,http://localhost:8080/config
0.007732,0.008646,4742,200,41,http://localhost:8080/config
0.007816,0.008960,4575,200,41,http://localhost:8080/config
0.007964,0.008967,4572,200,41,http://localhost:8080/config
0.007369,0.008275,4954,200,41,http://localhost:8080/config
0.007890,0.008883,4615,200,41,http://localhost:8080/config
0.009202,0.010390,3946,200,41,http://localhost:8080/config
0.007420,0.008528,4807,200,41,http://localhost:8080/config
0.008119,0.009352,4384,200,41,http://localhost:8080/config
0.008070,0.009033,4538,200,41,http://localhost:8080/config
0.007700,0.008721,4701,200,41,http://localhost:8080/config
0.007738,0.008771,4674,200,41,http://localhost:8080/config
0.007746,0.008897,4608,200,41,http://localhost:8080/config
0.007839,0.008824,4646,200,41,http://localhost:8080/config
0.007459,0.008434,4861,200,41,http://localhost:8080/config
0.007741,0.008733,4694,200,41,http://localhost:8080/config
0.007588,0.008596,4769,200,41,http://localhost:8080/config
0.007411,0.008413,4873,200,41,http://localhost:8080/config
0.007547,0.008367,4900,200,41,http://localhost:8080/config
0.007512,0.008365,4901,200,41,http://localhost:8080/config
0.007487,0.008311,4933,200,41,http://localhost:8080/config
0.007576,0.008437,4859,200,41,http://localhost:8080/config
0.007458,0.008326,4924,200,41,http://localhost:8080/config
0.007603,0.008500,4823,200,41,http://localhost:8080/config
0.007797,0.008660,4734,200,41,http://localhost:8080/config
0.007317,0.008242,4974,200,41,http://localhost:8080/config
0.007650,0.008527,4808,200,41,http://localhost:8080/config
0.007668,0.008733,4694,200,41,http://localhost:8080/config
0.008246,0.009169,4471,200,41,http://localhost:8080/config
0.007603,0.008459,4846,200,41,http://localhost:8080/config
0.007427,0.008308,4935,200,41,http://localhost:8080/config
0.007616,0.008519,4812,200,41,http://localhost:8080/config
0.007586,0.008414,4872,200,41,http://localhost:8080/config
0.007754,0.008565,4786,200,41,http://localhost:8080/config
0.007463,0.008253,4967,200,41,http://localhost:8080/config
0.007556,0.008434,4861,200,41,http://localhost:8080/config
0.007786,0.008695,4715,200,41,http://localhost:8080/config
0.008051,0.008912,4600,200,41,http://localhost:8080/config
0.008127,0.008977,4567,200,41,http://localhost:8080/config
0.007833,0.008701,4712,200,41,http://localhost:8080/config
0.008470,0.009380,4371,200,41,http://localhost:8080/config
0.008184,0.009074,4518,200,41,http://localhost:8080/config
0.007728,0.008527,4808,200,41,http://localhost:8080/config
0.007640,0.008488,4830,200,41,http://localhost:8080/config
0.007371,0.008198,5001,200,41,http://localhost:8080/config
0.007454,0.008337,4917,200,41,http://localhost:8080/config
0.007284,0.008161,5023,200,41,http://localhost:8080/config
0.007445,0.008338,4917,200,41,http://localhost:8080/config
0.007739,0.008605,4764,200,41,http://localhost:8080/config
0.007631,0.008517,4813,200,41,http://localhost:8080/config
0.007850,0.008651,4739,200,41,http://localhost:8080/config
0.008050,0.008944,4584,200,41,http://localhost:8080/config
0.007867,0.008773,4673,200,41,http://localhost:8080/config
0.008106,0.009053,4528,200,41,http://localhost:8080/config
0.008037,0.008964,4573,200,41,http://localhost:8080/config
0.008177,0.009037,4536,200,41,http://localhost:8080/config
0.007971,0.008897,4608,200,41,http://localhost:8080/config
0.008021,0.008929,4591,200,41,http://localhost:8080/config
0.007774,0.008606,4764,200,41,http://localhost:8080/config
0.007916,0.008797,4660,200,41,http://localhost:8080/config
0.007886,0.008799,4659,200,41,http://localhost:8080/config
0.007701,0.008598,4768,200,41,http://localhost:8080/config
0.008050,0.008923,4594,200,41,http://localhost:8080/config
0.008058,0.008941,4585,200,41,http://localhost:8080/config
0.008128,0.009001,4555,200,41,http://localhost:8080/config
0.007648,0.008491,4828,200,41,http://localhost:8080/config
0.007746,0.008667,4730,200,41,http://localhost:8080/config
0.008176,0.009290,4413,200,41,http://localhost:8080/config
0.008342,0.009230,4442,200,41,http://localhost:8080/config
0.008707,0.009627,4258,200,41,http://localhost:8080/config
0.008661,0.009553,4291,200,41,http://localhost:8080/config
0.008039,0.008913,4600,200,41,http://localhost:8080/config
0.008006,0.008904,4604,200,41,http://localhost:8080/config
0.008761,0.009609,4266,200,41,http://localhost:8080/config
0.010080,0.011056,3708,200,41,http://localhost:8080/config
0.008593,0.045225,906,200,41,http://localhost:8080/config
0.012893,0.015132,2709,200,41,http://localhost:8080/config
0.008757,0.009678,4236,200,41,http://localhost:8080/config
0.009351,0.010394,3944,200,41,http://localhost:8080/config
0.011592,0.013400,3059,200,41,http://localhost:8080/config
0.009613,0.010600,3867,200,41,http://localhost:8080/config
0.008876,0.009823,4173,200,41,http://localhost:8080/config
0.008921,0.009869,4154,200,41,http://localhost:8080/config
0.008570,0.009609,4266,200,41,http://localhost:8080/config
0.008960,0.010014,4094,200,41,http://localhost:8080/config
0.008526,0.009486,4322,200,41,http://localhost:8080/config
0.009534,0.010516,3898,200,41,http://localhost:8080/config
0.008562,0.009478,4325,200,41,http://localhost:8080/config
0.009255,0.010245,4001,200,41,http://localhost:8080/config
0.008311,0.009229,4442,200,41,http://localhost:8080/config
0.008719,0.009639,4253,200,41,http://localhost:8080/config
0.008442,0.009354,4383,200,41,http://localhost:8080/config
0.008417,0.009516,4308,200,41,http://localhost:8080/config
0.009323,0.010568,3879,200,41,http://localhost:8080/config
0.008769,0.009867,4155,200,41,http://localhost:8080/config
0.009992,0.010957,3741,200,41,http://localhost:8080/config
0.008740,0.009678,4236,200,41,http://localhost:8080/config
0.008990,0.009982,4107,200,41,http://localhost:8080/config
0.008352,0.009195,4458,200,41,http://localhost:8080/config
0.008558,0.009540,4297,200,41,http://localhost:8080/config
0.007820,0.008841,4637,200,41,http://localhost:8080/config
0.008369,0.009489,4320,200,41,http://localhost:8080/config
0.009276,0.010422,3933,200,41,http://localhost:8080/config
0.009331,0.010309,3977,200,41,http://localhost:8080/config
0.009864,0.010851,3778,200,41,http://localhost:8080/config
0.008818,0.009723,4216,200,41,http://localhost:8080/config
0.010061,0.011021,3720,200,41,http://localhost:8080/config
0.008542,0.009585,4277,200,41,http://localhost:8080/config
0.008630,0.009651,4248,200,41,http://localhost:8080/config
0.008862,0.010035,4085,200,41,http://localhost:8080/config
0.008758,0.009700,4226,200,41,http://localhost:8080/config
0.009575,0.010634,3855,200,41,http://localhost:8080/config
0.008662,0.009552,4292,200,41,http://localhost:8080/config
0.009453,0.010539,3890,200,41,http://localhost:8080/config
0.008541,0.009403,4360,200,41,http://localhost:8080/config
0.009088,0.010045,4081,200,41,http://localhost:8080/config
0.008546,0.009496,4317,200,41,http://localhost:8080/config
0.009177,0.010206,4017,200,41,http://localhost:8080/config
0.009784,0.010981,3733,200,41,http://localhost:8080/config
0.008726,0.009723,4216,200,41,http://localhost:8080/config
0.010575,0.011689,3507,200,41,http://localhost:8080/config
0.008963,0.009920,4133,200,41,http://localhost:8080/config
0.008614,0.009505,4313,200,41,http://localhost:8080/config
0.008494,0.009427,4349,200,41,http://localhost:8080/config
0.008513,0.009610,4266,200,41,http://localhost:8080/config
0.008792,0.010493,3907,200,41,http://localhost:8080/config
0.008635,0.009812,4178,200,41,http://localhost:8080/config
0.009303,0.010320,3972,200,41,http://localhost:8080/config
0.008858,0.009771,4196,200,41,http://localhost:8080/config
0.008709,0.009700,4226,200,41,http://localhost:8080/config
0.008287,0.009121,4495,200,41,http://localhost:8080/config
0.008385,0.009379,4371,200,41,http://localhost:8080/config
0.007721,0.008628,4751,200,41,http://localhost:8080/config
0.008264,0.009226,4443,200,41,http://localhost:8080/config
0.009340,0.010429,3931,200,41,http://localhost:8080/config
0.008108,0.009100,4505,200,41,http://localhost:8080/config
0.009106,0.010094,4061,200,41,http://localhost:8080/config
0.008476,0.009480,4324,200,41,http://localhost:8080/config
0.009408,0.010291,3984,200,41,http://localhost:8080/config
0.008435,0.009371,4375,200,41,http://localhost:8080/config
0.008892,0.009796,4185,200,41,http://localhost:8080/config
0.008476,0.009361,4379,200,41,http://localhost:8080/config
0.008777,0.009697,4228,200,41,http://localhost:8080/config
0.008030,0.008913,4600,200,41,http://localhost:8080/config
0.008440,0.009480,4324,200,41,http://localhost:8080/config
0.007816,0.008700,4712,200,41,http://localhost:8080/config
0.008913,0.009732,4212,200,41,http://localhost:8080/config
0.008563,0.009643,4251,200,41,http://localhost:8080/config
0.008615,0.009595,4273,200,41,http://localhost:8080/config
0.009767,0.010720,3824,200,41,http://localhost:8080/config
0.008454,0.009443,4341,200,41,http://localhost:8080/config
0.009152,0.010162,4034,200,41,http://localhost:8080/config
0.008555,0.009423,4351,200,41,http://localhost:8080/config
0.008381,0.009393,4364,200,41,http://localhost:8080/config
0.007924,0.008866,4624,200,41,http://localhost:8080/config
0.008559,0.009491,4319,200,41,http://localhost:8080/config
0.007698,0.008930,4591,200,41,http://localhost:8080/config
0.008192,0.009111,4500,200,41,http://localhost:8080/config
0.009150,0.010213,4014,200,41,http://localhost:8080/config
0.008488,0.009618,4262,200,41,http://localhost:8080/config
0.009121,0.010179,4027,200,41,http://localhost:8080/config
0.008980,0.009855,4160,200,41,http://localhost:8080/config
0.008985,0.009922,4132,200,41,http://localhost:8080/config
0.008180,0.009098,4506,200,41,http://localhost:8080/config
0.008588,0.009494,4318,200,41,http://localhost:8080/config
0.007965,0.008839,4638,200,41,http://localhost:8080/config
0.008522,0.009553,4291,200,41,http://localhost:8080/config
0.007901,0.008790,4664,200,41,http://localhost:8080/config
0.008355,0.009309,4404,200,41,http://localhost:8080/config
0.008750,0.009750,4205,200,41,http://localhost:8080/config
0.008110,0.009023,4543,200,41,http://localhost:8080/config
0.008844,0.009952,4119,200,41,http://localhost:8080/config
0.008675,0.009575,4281,200,41,http://localhost:8080/config
0.009917,0.011037,3714,200,41,http://localhost:8080/config
0.010058,0.010967,3738,200,41,http://localhost:8080/config
0.008740,0.009722,4217,200,41,http://localhost:8080/config
0.008144,0.009009,4551,200,41,http://localhost:8080/config
0.008914,0.009975,4110,200,41,http://localhost:8080/config
0.009140,0.010393,3944,200,41,http://localhost:8080/config
0.008332,0.009369,4376,200,41,http://localhost:8080/config
0.008956,0.010113,4054,200,41,http://localhost:8080/config
0.008301,0.009417,4353,200,41,http://localhost:8080/config
0.010018,0.011086,3698,200,41,http://localhost:8080/config
0.008532,0.009453,4337,200,41,http://localhost:8080/config
0.009031,0.010031,4087,200,41,http://localhost:8080/config
0.008287,0.009198,4457,200,41,http://localhost:8080/config
0.008763,0.009621,4261,200,41,http://localhost:8080/config
0.008086,0.008977,4567,200,41,http://localhost:8080/config
0.008136,0.009029,4540,200,41,http://localhost:8080/config
0.008281,0.009567,4285,200,41,http://localhost:8080/config
0.007876,0.008802,4658,200,41,http://localhost:8080/config
0.008997,0.010020,4091,200,41,http://localhost:8080/config
0.008216,0.009616,4263,200,41,http://localhost:8080/config
0.009566,0.010536,3891,200,41,http://localhost:8080/config
0.008485,0.009320,4399,200,41,http://localhost:8080/config
0.009353,0.010317,3974,200,41,http://localhost:8080/config
0.008128,0.009021,4544,200,41,http://localhost:8080/config
0.008584,0.009518,4307,200,41,http://localhost:8080/config
0.008160,0.009051,4529,200,41,http://localhost:8080/config
0.008086,0.009097,4506,200,41,http://localhost:8080/config
0.008308,0.009381,4370,200,41,http://localhost:8080/config
0.008240,0.009204,4454,200,41,http://localhost:8080/config
0.009297,0.010221,4011,200,41,http://localhost:8080/config
0.008101,0.009182,4465,200,41,http://localhost:8080/config
0.009642,0.010701,3831,200,41,http://localhost:8080/config
0.008193,0.009048,4531,200,41,http://localhost:8080/config
0.009018,0.010028,4088,200,41,http://localhost:8080/config
0.008498,0.009387,4367,200,41,http://localhost:8080/config
0.009236,0.010244,4002,200,41,http://localhost:8080/config
0.008440,0.009287,4414,200,41,http://localhost:8080/config
0.008496,0.009382,4370,200,41,http://localhost:8080/config
0.008183,0.009058,4526,200,41,http://localhost:8080/config
0.008196,0.009140,4485,200,41,http://localhost:8080/config
0.008291,0.009663,4242,200,41,http://localhost:8080/config
0.008388,0.009388,4367,200,41,http://localhost:8080/config
0.009568,0.010872,3771,200,41,http://localhost:8080/config
0.008430,0.009313,4402,200,41,http://localhost:8080/config
0.009293,0.010431,3930,200,41,http://localhost:8080/config
0.008549,0.009368,4376,200,41,http://localhost:8080/config
0.008759,0.009680,4235,200,41,http://localhost:8080/config
0.007997,0.008885,4614,200,41,http://localhost:8080/config
0.008456,0.009414,4355,200,41,http://localhost:8080/config
0.007983,0.008892,4610,200,41,http://localhost:8080/config
0.007942,0.008940,4586,200,41,http://localhost:8080/config
0.008316,0.009574,4282,200,41,http://localhost:8080/config
0.008174,0.009106,4502,200,41,http://localhost:8080/config
0.008824,0.009806,4181,200,41,http://localhost:8080/config
0.008884,0.010018,4092,200,41,http://localhost:8080/config
0.008999,0.009940,4124,200,41,http://localhost:8080/config
0.007976,0.008932,4590,200,41,http://localhost:8080/config
0.009385,0.010329,3969,200,41,http://localhost:8080/config
0.008328,0.009286,4415,200,41,http://localhost:8080/config
0.009237,0.010209,4016,200,41,http://localhost:8080/config
0.008545,0.009444,4341,200,41,http://localhost:8080/config
0.008047,0.008924,4594,200,41,http://localhost:8080/config
0.008266,0.009138,4486,200,41,http://localhost:8080/config
0.008370,0.009310,4403,200,41,http://localhost:8080/config
0.008359,0.009650,4248,200,41,http://localhost:8080/config
0.008855,0.009780,4192,200,41,http://localhost:8080/config
0.009613,0.010584,3873,200,41,http://localhost:8080/config
0.007797,0.008918,4597,200,41,http://localhost:8080/config
0.009278,0.010373,3952,200,41,http://localhost:8080/config
0.008012,0.008833,4641,200,41,http://localhost:8080/config
0.009129,0.010186,4025,200,41,http://localhost:8080/config
0.009376,0.010281,3987,200,41,http://localhost:8080/config
0.009517,0.010558,3883,200,41,http://localhost:8080/config
0.008519,0.009546,4294,200,41,http://localhost:8080/config
0.008566,0.009553,4291,200,41,http://localhost:8080/config
0.009108,0.010289,3984,200,41,http://localhost:8080/config
0.008264,0.009460,4334,200,41,http://localhost:8080/config
0.009023,0.009974,4110,200,41,http://localhost:8080/config
0.008649,0.009570,4284,200,41,http://localhost:8080/config
0.009399,0.010482,3911,200,41,http://localhost:8080/config
0.008170,0.009114,4498,200,41,http://localhost:8080/config
0.008729,0.009674,4238,200,41,http://localhost:8080/config
0.008408,0.009314,4401,200,41,http://localhost:8080/config
0.008356,0.009578,4280,200,41,http://localhost:8080/config
0.008308,0.009245,4434,200,41,http://localhost:8080/config
0.008546,0.009438,4344,200,41,http://localhost:8080/config
0.008639,0.009533,4300,200,41,http://localhost:8080/config
0.010397,0.011616,3529,200,41,http://localhost:8080/config
0.010005,0.010946,3745,200,41,http://localhost:8080/config
0.009099,0.014022,2923,200,41,http://localhost:8080/config
0.015983,0.017386,2358,200,41,http://localhost:8080/config
0.009778,0.010775,3805,200,41,http://localhost:8080/config
0.010156,0.011180,3667,200,41,http://localhost:8080/config
0.008579,0.009460,4334,200,41,http://localhost:8080/config
0.008103,0.009015,4547,200,41,http://localhost:8080/config
0.007766,0.008695,4715,200,41,http://localhost:8080/config
0.007469,0.008322,4926,200,41,http://localhost:8080/config
0.007497,0.008387,4888,200,41,http://localhost:8080/config
0.007452,0.008307,4935,200,41,http://localhost:8080/config
0.007491,0.008327,4923,200,41,http://localhost:8080/config
0.007351,0.008224,4985,200,41,http://localhost:8080/config
0.007410,0.008178,5013,200,41,http://localhost:8080/config
0.007160,0.007978,5139,200,41,http://localhost:8080/config
0.007292,0.008119,5049,200,41,http://localhost:8080/config
0.007176,0.008055,5090,200,41,http://localhost:8080/config
0.007409,0.008246,4972,200,41,http://localhost:8080/config
0.007449,0.008276,4954,200,41,http://localhost:8080/config
0.007632,0.008509,4818,200,41,http://localhost:8080/config
0.007121,0.008044,5096,200,41,http://localhost:8080/config
0.007514,0.008312,4932,200,41,http://localhost:8080/config
0.007071,0.007870,5209,200,41,http://localhost:8080/config
0.007397,0.008226,4984,200,41,http://localhost:8080/config
0.007194,0.007998,5126,200,41,http://localhost:8080/config
0.007281,0.008137,5038,200,41,http://localhost:8080/config
0.007364,0.008233,4979,200,41,http://localhost:8080/config
0.007516,0.008424,4867,200,41,http://localhost:8080/config
0.007315,0.008201,4999,200,41,http://localhost:8080/config
0.007517,0.008339,4916,200,41,http://localhost:8080/config
0.007294,0.008143,5034,200,41,http://localhost:8080/config
0.007522,0.008389,4887,200,41,http://localhost:8080/config
0.008215,0.009128,4491,200,41,http://localhost:8080/config
0.008508,0.009435,4345,200,41,http://localhost:8080/config
0.007927,0.008820,4648,200,41,http://localhost:8080/config
0.007575,0.008433,4861,200,41,http://localhost:8080/config
0.007677,0.008558,4790,200,41,http://localhost:8080/config
0.007683,0.008534,4804,200,41,http://localhost:8080/config
0.007665,0.008525,4809,200,41,http://localhost:8080/config
0.007802,0.008675,4726,200,41,http://localhost:8080/config
0.007979,0.008846,4634,200,41,http://localhost:8080/config
0.008013,0.008929,4591,200,41,http://localhost:8080/config
0.007884,0.008810,4653,200,41,http://localhost:8080/config
0.007504,0.008387,4888,200,41,http://localhost:8080/config
0.007760,0.008623,4754,200,41,http://localhost:8080/config
0.008175,0.009035,4537,200,41,http://localhost:8080/config
0.007386,0.008262,4962,200,41,http://localhost:8080/config
0.007790,0.008833,4641,200,41,http://localhost:8080/config
0.007612,0.008429,4864,200,41,http://localhost:8080/config
0.007364,0.008206,4996,200,41,http://localhost:8080/config
0.007403,0.008238,4976,200,41,http://localhost:8080/config
0.007791,0.008657,4736,200,41,http://localhost:8080/config
0.007321,0.008284,4949,200,41,http://localhost:8080/config
0.007649,0.008479,4835,200,41,http://localhost:8080/config
0.007525,0.008458,4847,200,41,http://localhost:8080/config
0.007345,0.008313,4932,200,41,http://localhost:8080/config
0.007643,0.008472,4839,200,41,http://localhost:8080/config
0.007647,0.008539,4801,200,41,http://localhost:8080/config
0.007587,0.008367,4900,200,41,http://localhost:8080/config
0.007675,0.008533,4804,200,41,http://localhost:8080/config
0.007999,0.008889,4612,200,41,http://localhost:8080/config
0.007372,0.008221,4987,200,41,http://localhost:8080/config
0.007936,0.008942,4585,200,41,http://localhost:8080/config
0.007676,0.008555,4792,200,41,http://localhost:8080/config
0.007539,0.008400,4880,200,41,http://localhost:8080/config
0.007584,0.008453,4850,200,41,http://localhost:8080/config
0.007785,0.008711,4706,200,41,http://localhost:8080/config
0.008297,0.009395,4364,200,41,http://localhost:8080/config
0.008078,0.009024,4543,200,41,http://localhost:8080/config
0.007976,0.008786,4666,200,41,http://localhost:8080/config
0.007581,0.008636,4747,200,41,http://localhost:8080/config
0.007437,0.008309,4934,200,41,http://localhost:8080/config
0.008312,0.009274,4420,200,41,http://localhost:8080/config
0.007972,0.008991,4560,200,41,http://localhost:8080/config
0.007639,0.008511,4817,200,41,http://localhost:8080/config
0.007797,0.008793,4662,200,41,http://localhost:8080/config
0.007371,0.008223,4986,200,41,http://localhost:8080/config
0.007728,0.008675,4726,200,41,http://localhost:8080/config
0.007832,0.008780,4669,200,41,http://localhost:8080/config
0.007822,0.008825,4645,200,41,http://localhost:8080/config
0.008064,0.008992,4559,200,41,http://localhost:8080/config
0.008128,0.009052,4529,200,41,http://localhost:8080/config
0.008069,0.009152,4479,200,41,http://localhost:8080/config
0.007822,0.008932,4590,200,41,http://localhost:8080/config
0.007935,0.008975,4568,200,41,http://localhost:8080/config
0.007576,0.008781,4669,200,41,http://localhost:8080/config
0.007844,0.009079,4515,200,41,http://localhost:8080/config
0.007938,0.009159,4476,200,41,http://localhost:8080/config
0.007726,0.008760,4680,200,41,http://localhost:8080/config
0.007650,0.008766,4677,200,41,http://localhost:8080/config
0.007738,0.008810,4653,200,41,http://localhost:8080/config
0.007531,0.008429,4864,200,41,http://localhost:8080/config
0.007833,0.008851,4632,200,41,http://localhost:8080/config
0.007740,0.008677,4725,200,41,http://localhost:8080/config
0.007425,0.008404,4878,200,41,http://localhost:8080/config
0.007290,0.008141,5036,200,41,http://localhost:8080/config
0.007846,0.008980,4565,200,41,http://localhost:8080/config
0.007394,0.008261,4963,200,41,http://localhost:8080/config
0.007694,0.008525,4809,200,41,http://localhost:8080/config
0.007754,0.008680,4723,200,41,http://localhost:8080/config
0.007507,0.008423,4867,200,41,http://localhost:8080/config
0.007355,0.008198,5001,200,41,http://localhost:8080/config
0.007728,0.008640,4745,200,41,http://localhost:8080/config
0.007687,0.008487,4830,200,41,http://localhost:8080/config
0.007341,0.008209,4994,200,41,http://localhost:8080/config
0.007343,0.008357,4906,200,41,http://localhost:8080/config
0.008301,0.009333,4393,200,41,http://localhost:8080/config
0.007586,0.008458,4847,200,41,http://localhost:8080/config
0.008143,0.009001,4555,200,41,http://localhost:8080/config
0.007577,0.008404,4878,200,41,http://localhost:8080/config
0.007878,0.008734,4694,200,41,http://localhost:8080/config
0.007709,0.008589,4773,200,41,http://localhost:8080/config
0.007414,0.008279,4952,200,41,http://localhost:8080/config
0.007540,0.008439,4858,200,41,http://localhost:8080/config
0.007656,0.008549,4795,200,41,http://localhost:8080/config
0.007614,0.008474,4838,200,41,http://localhost:8080/config
0.007882,0.008779,4670,200,41,http://localhost:8080/config
0.008167,0.009004,4553,200,41,http://localhost:8080/config
0.007541,0.008405,4878,200,41,http://localhost:8080/config
0.008572,0.009509,4311,200,41,http://localhost:8080/config
0.007626,0.008543,4799,200,41,http://localhost:8080/config
0.007251,0.008135,5039,200,41,http://localhost:8080/config
0.007881,0.008761,4679,200,41,http://localhost:8080/config
0.007511,0.008393,4885,200,41,http://localhost:8080/config
0.007463,0.008332,4920,200,41,http://localhost:8080/config
0.007972,0.008852,4631,200,41,http://localhost:8080/config
0.008092,0.008983,4564,200,41,http://localhost:8080/config
0.007536,0.008448,4853,200,41,http://localhost:8080/config
0.007758,0.008680,4723,200,41,http://localhost:8080/config
0.007563,0.008431,4863,200,41,http://localhost:8080/config
0.007236,0.008095,5064,200,41,http://localhost:8080/config
0.007414,0.008271,4957,200,41,http://localhost:8080/config
0.007724,0.008674,4726,200,41,http://localhost:8080/config
0.007742,0.008560,4789,200,41,http://localhost:8080/config
0.007697,0.008558,4790,200,41,http://localhost:8080/config
0.007546,0.008406,4877,200,41,http://localhost:8080/config
0.007263,0.008108,5056,200,41,http://localhost:8080/config
0.007439,0.008311,4933,200,41,http://localhost:8080/config
0.007584,0.008486,4831,200,41,http://localhost:8080/config
0.007763,0.008608,4763,200,41,http://localhost:8080/config
0.007685,0.008585,4775,200,41,http://localhost:8080/config
0.007751,0.008565,4786,200,41,http://localhost:8080/config
0.007676,0.008612,4760,200,41,http://localhost:8080/config
0.007938,0.008773,4673,200,41,http://localhost:8080/config
0.007899,0.008753,4684,200,41,http://localhost:8080/config
0.007799,0.008652,4738,200,41,http://localhost:8080/config
0.008119,0.009176,4468,200,41,http://localhost:8080/config
0.007816,0.008750,4685,200,41,http://localhost:8080/config
0.007691,0.008593,4771,200,41,http://localhost:8080/config
0.008266,0.009147,4482,200,41,http://localhost:8080/config
0.007781,0.008697,4714,200,41,http://localhost:8080/config
0.007413,0.008347,4911,200,41,http://localhost:8080/config
0.007857,0.008741,4690,200,41,http://localhost:8080/config
0.007668,0.008620,4756,200,41,http://localhost:8080/config
0.007945,0.008842,4636,200,41,http://localhost:8080/config
0.007581,0.008409,4875,200,41,http://localhost:8080/config
0.007585,0.008458,4847,200,41,http://localhost:8080/config
0.007259,0.008081,5073,200,41,http://localhost:8080/config
0.007675,0.008537,4802,200,41,http://localhost:8080/config
0.007727,0.008561,4789,200,41,http://localhost:8080/config
0.007588,0.008466,4842,200,41,http://localhost:8080/config
0.007674,0.008543,4799,200,41,http://localhost:8080/config
0.008054,0.008912,4600,200,41,http://localhost:8080/config
0.007846,0.008693,4716,200,41,http://localhost:8080/config
0.007627,0.008487,4830,200,41,http://localhost:8080/config
0.007821,0.008640,4745,200,41,http://localhost:8080/config
0.008308,0.009155,4478,200,41,http://localhost:8080/config
0.007544,0.008354,4907,200,41,http://localhost:8080/config
0.008281,0.009152,4479,200,41,http://localhost:8080/config
0.007959,0.008821,4647,200,41,http://localhost:8080/config
0.008077,0.008963,4574,200,41,http://localhost:8080/config
0.008161,0.009063,4523,200,41,http://localhost:8080/config
0.008032,0.008898,4607,200,41,http://localhost:8080/config
0.008074,0.008960,4575,200,41,http://localhost:8080/config
0.008241,0.009082,4514,200,41,http://localhost:8080/config
0.007905,0.008748,4686,200,41,http://localhost:8080/config
0.008096,0.008910,4601,200,41,http://localhost:8080/config
0.008253,0.009126,4492,200,41,http://localhost:8080/config
0.008279,0.009124,4493,200,41,http://localhost:8080/config
0.009044,0.010032,4086,200,41,http://localhost:8080/config
0.008272,0.009128,4491,200,41,http://localhost:8080/config
0.008306,0.009139,4486,200,41,http://localhost:8080/config
0.007797,0.008649,4740,200,41,http://localhost:8080/config
0.008053,0.008947,4582,200,41,http://localhost:8080/config
0.008103,0.009028,4541,200,41,http://localhost:8080/config
0.008259,0.009133,4489,200,41,http://localhost:8080/config
0.008354,0.009265,4425,200,41,http://localhost:8080/config
0.007846,0.008693,4716,200,41,http://localhost:8080/config
0.008028,0.008901,4606,200,41,http://localhost:8080/config
0.007919,0.008723,4700,200,41,http://localhost:8080/config
0.008128,0.008950,4581,200,41,http://localhost:8080/config
0.007857,0.008738,4692,200,41,http://localhost:8080/config
0.008287,0.009168,4472,200,41,http://localhost:8080/config
0.008251,0.009117,4497,200,41,http://localhost:8080/config
0.008030,0.008853,4631,200,41,http://localhost:8080/config
0.007911,0.008801,4658,200,41,http://localhost:8080/config
0.008246,0.009108,4501,200,41,http://localhost:8080/config
0.008099,0.008914,4599,200,41,http://localhost:8080/config
0.007862,0.008696,4714,200,41,http://localhost:8080/config
0.008337,0.009134,4488,200,41,http://localhost:8080/config
0.008511,0.009371,4375,200,41,http://localhost:8080/config
0.008295,0.009145,4483,200,41,http://localhost:8080/config
0.008040,0.008907,4603,200,41,http://localhost:8080/config
0.008292,0.009172,4470,200,41,http://localhost:8080/config
0.008322,0.009193,4459,200,41,http://localhost:8080/config
0.008237,0.009079,4515,200,41,http://localhost:8080/config
0.008101,0.008950,4581,200,41,http://localhost:8080/config
0.008639,0.009615,4264,200,41,http://localhost:8080/config
0.008470,0.009522,4305,200,41,http://localhost:8080/config
0.008107,0.009003,4554,200,41,http://localhost:8080/config
0.008149,0.008978,4566,200,41,http://localhost:8080/config
0.007974,0.008804,4656,200,41,http://localhost:8080/config
0.007870,0.008697,4714,200,41,http://localhost:8080/config
0.008154,0.008971,4570,200,41,http://localhost:8080/config
0.007736,0.008613,4760,200,41,http://localhost:8080/config
0.008154,0.009074,4518,200,41,http://localhost:8080/config
0.008419,0.009272,4421,200,41,http://localhost:8080/config
0.008157,0.009037,4536,200,41,http://localhost:8080/config
0.008062,0.008967,4572,200,41,http://localhost:8080/config
0.008253,0.009109,4501,200,41,http://localhost:8080/config
0.007728,0.008547,4797,200,41,http://localhost:8080/config
0.008017,0.008810,4653,200,41,http://localhost:8080/config
0.008053,0.008937,4587,200,41,http://localhost:8080/config
0.008129,0.009033,4538,200,41,http://localhost:8080/config
0.008231,0.009134,4488,200,41,http://localhost:8080/config
0.008252,0.009104,4503,200,41,http://localhost:8080/config
0.007854,0.008701,4712,200,41,http://localhost:8080/config
0.008103,0.008940,4586,200,41,http://localhost:8080/config
0.007873,0.008740,4691,200,41,http://localhost:8080/config
0.008204,0.008985,4563,200,41,http://localhost:8080/config
0.007729,0.008733,4694,200,41,http://localhost:8080/config
0.007802,0.008772,4673,200,41,http://localhost:8080/config
0.007812,0.008824,4646,200,41,http://localhost:8080/config
0.008690,0.009506,4313,200,41,http://localhost:8080/config
0.007661,0.008571,4783,200,41,http://localhost:8080/config
0.007985,0.008906,4603,200,41,http://localhost:8080/config
0.007837,0.008938,4587,200,41,http://localhost:8080/config
0.007703,0.008832,4642,200,41,http://localhost:8080/config
0.008366,0.009434,4345,200,41,http://localhost:8080/config
0.008405,0.009370,4375,200,41,http://localhost:8080/config
0.008566,0.009431,4347,200,41,http://localhost:8080/config
0.008107,0.008995,4558,200,41,http://localhost:8080/config
0.007713,0.008584,4776,200,41,http://localhost:8080/config
0.007959,0.008729,4696,200,41,http://localhost:8080/config
0.007607,0.008692,4716,200,41,http://localhost:8080/config
0.007932,0.009109,4501,200,41,http://localhost:8080/config
0.008485,0.009344,4387,200,41,http://localhost:8080/config
0.008142,0.008995,4558,200,41,http://localhost:8080/config
0.007675,0.008604,4765,200,41,http://localhost:8080/config
0.007964,0.008923,4594,200,41,http://localhost:8080/config
0.007740,0.008742,4690,200,41,http://localhost:8080/config
0.007938,0.009075,4517,200,41,http://localhost:8080/config
0.008327,0.009516,4308,200,41,http://localhost:8080/config
0.007785,0.008704,4710,200,41,http://localhost:8080/config
0.007694,0.008642,4744,200,41,http://localhost:8080/config
0.007533,0.008556,4791,200,41,http://localhost:8080/config
0.007606,0.008723,4700,200,41,http://localhost:8080/config
0.007625,0.008745,4688,200,41,http://localhost:8080/config
0.007688,0.008680,4723,200,41,http://localhost:8080/config
0.007881,0.008755,4683,200,41,http://localhost:8080/config
0.007543,0.008501,4822,200,41,http://localhost:8080/config
0.007478,0.008309,4934,200,41,http://localhost:8080/config
0.007628,0.008483,4833,200,41,http://localhost:8080/config
0.007355,0.008199,5000,200,41,http://localhost:8080/config
0.007459,0.008324,4925,200,41,http://localhost:8080/config
0.007374,0.008277,4953,200,41,http://localhost:8080/config
0.007772,0.008675,4726,200,41,http://localhost:8080/config
0.007364,0.008203,4998,200,41,http://localhost:8080/config
0.008195,0.009063,4523,200,41,http://localhost:8080/config
0.008773,0.009784,4190,200,41,http://localhost:8080/config
0.007752,0.008637,4747,200,41,http://localhost:8080/config
0.007935,0.008864,4625,200,41,http://localhost:8080/config
0.007766,0.008711,4706,200,41,http://localhost:8080/config
0.007523,0.008564,4787,200,41,http://localhost:8080/config
0.007578,0.008503,4821,200,41,http://localhost:8080/config
0.007543,0.008499,4824,200,41,http://localhost:8080/config
0.007662,0.008811,4653,200,41,http://localhost:8080/config
0.007742,0.008601,4766,200,41,http://localhost:8080/config
0.007445,0.008512,4816,200,41,http://localhost:8080/config
0.007332,0.008201,4999,200,41,http://localhost:8080/config
0.007557,0.008395,4883,200,41,http://localhost:8080/config
0.007874,0.008752,4684,200,41,http://localhost:8080/config
0.007570,0.008431,4863,200,41,http://localhost:8080/config
0.007545,0.008390,4886,200,41,http://localhost:8080/config
0.007529,0.008466,4842,200,41,http://localhost:8080/config
0.007371,0.008152,5029,200,41,http://localhost:8080/config
0.007569,0.008355,4907,200,41,http://localhost:8080/config
0.006813,0.007676,5341,200,41,http://localhost:8080/config
0.008105,0.009139,4486,200,41,http://localhost:8080/config
0.008838,0.009796,4185,200,41,http://localhost:8080/config
0.008817,0.010006,4097,200,41,http://localhost:8080/config
0.009595,0.010643,3852,200,41,http://localhost:8080/config
0.009520,0.010507,3902,200,41,http://localhost:8080/config
0.008998,0.009882,4148,200,41,http://localhost:8080/config
0.008954,0.009914,4135,200,41,http://localhost:8080/config
0.008635,0.009516,4308,200,41,http://localhost:8080/config
0.007963,0.008842,4636,200,41,http://localhost:8080/config
0.008124,0.009053,4528,200,41,http://localhost:8080/config
0.007827,0.008685,4720,200,41,http://localhost:8080/config
0.008142,0.009055,4527,200,41,http://localhost:8080/config
0.007960,0.008868,4623,200,41,http://localhost:8080/config
0.007763,0.008536,4803,200,41,http://localhost:8080/config
0.007812,0.008669,4729,200,41,http://localhost:8080/config
0.007426,0.008358,4905,200,41,http://localhost:8080/config
0.007927,0.009066,4522,200,41,http://localhost:8080/config
0.007684,0.008537,4802,200,41,http://localhost:8080/config
0.008171,0.009049,4530,200,41,http://localhost:8080/config
0.008018,0.008877,4618,200,41,http://localhost:8080/config
0.007427,0.008208,4995,200,41,http://localhost:8080/config
0.007517,0.008340,4916,200,41,http://localhost:8080/config
0.007337,0.008205,4996,200,41,http://localhost:8080/config
0.007807,0.008664,4732,200,41,http://localhost:8080/config
0.007712,0.008541,4800,200,41,http://localhost:8080/config
0.007630,0.008524,4809,200,41,http://localhost:8080/config
0.007837,0.008708,4708,200,41,http://localhost:8080/config
0.007695,0.008555,4792,200,41,http://localhost:8080/config
0.008237,0.009190,4461,200,41,http://localhost:8080/config
0.008029,0.008855,4630,200,41,http://localhost:8080/config
0.007856,0.008706,4709,200,41,http://localhost:8080/config
0.008695,0.009633,4256,200,41,http://localhost:8080/config
0.008366,0.009388,4367,200,41,http://localhost:8080/config
0.008027,0.009016,4547,200,41,http://localhost:8080/config
0.008834,0.009755,4202,200,41,http://localhost:8080/config
0.008743,0.009685,4233,200,41,http://localhost:8080/config
0.008689,0.009616,4263,200,41,http://localhost:8080/config
0.008841,0.009727,4215,200,41,http://localhost:8080/config
0.008618,0.009495,4318,200,41,http://localhost:8080/config
0.009366,0.010347,3962,200,41,http://localhost:8080/config
0.008449,0.009315,4401,200,41,http://localhost:8080/config
0.008033,0.008922,4595,200,41,http://localhost:8080/config
0.007532,0.008402,4879,200,41,http://localhost:8080/config
0.007132,0.007920,5176,200,41,http://localhost:8080/config
0.007423,0.008237,4977,200,41,http://localhost:8080/config
0.007855,0.008650,4739,200,41,http://localhost:8080/config
0.007075,0.007860,5216,200,41,http://localhost:8080/config
0.008209,0.009046,4532,200,41,http://localhost:8080/config
0.007695,0.008497,4825,200,41,http://localhost:8080/config
0.008191,0.009055,4527,200,41,http://localhost:8080/config
0.007966,0.008821,4647,200,41,http://localhost:8080/config
0.010392,0.011698,3504,200,41,http://localhost:8080/config
0.007758,0.008518,4813,200,41,http://localhost:8080/config
0.007415,0.008171,5017,200,41,http://localhost:8080/config
0.007586,0.008362,4903,200,41,http://localhost:8080/config
0.007338,0.008148,5031,200,41,http://localhost:8080/config
0.007898,0.008749,4686,200,41,http://localhost:8080/config
0.008015,0.008864,4625,200,41,http://localhost:8080/config
0.007575,0.008507,4819,200,41,http://localhost:8080/config
0.007905,0.008899,4607,200,41,http://localhost:8080/config
0.007794,0.008869,4622,200,41,http://localhost:8080/config
0.007484,0.008409,4875,200,41,http://localhost:8080/config
0.007592,0.008511,4817,200,41,http://localhost:8080/config
0.007849,0.008873,4620,200,41,http://localhost:8080/config
0.007707,0.008601,4766,200,41,http://localhost:8080/config
0.006610,0.007417,5527,200,41,http://localhost:8080/config
0.006673,0.007474,5485,200,41,http://localhost:8080/config
0.006682,0.007494,5471,200,41,http://localhost:8080/config
0.007614,0.008541,4800,200,41,http://localhost:8080/config
0.007793,0.008687,4719,200,41,http://localhost:8080/config
0.008290,0.009178,4467,200,41,http://localhost:8080/config
0.008466,0.009398,4362,200,41,http://localhost:8080/config
0.007327,0.008175,5015,200,41,http://localhost:8080/config
0.007379,0.008234,4979,200,41,http://localhost:8080/config
0.007621,0.008501,4822,200,41,http://localhost:8080/config
0.007616,0.008498,4824,200,41,http://localhost:8080/config
0.007801,0.008676,4725,200,41,http://localhost:8080/config
0.007674,0.008490,4829,200,41,http://localhost:8080/config
0.008182,0.009034,4538,200,41,http://localhost:8080/config
0.008059,0.008939,4586,200,41,http://localhost:8080/config
0.007788,0.008642,4744,200,41,http://localhost:8080/config
0.007725,0.008622,4755,200,41,http://localhost:8080/config
0.007978,0.008817,4650,200,41,http://localhost:8080/config
0.007328,0.008242,4974,200,41,http://localhost:8080/config
0.008030,0.008908,4602,200,41,http://localhost:8080/config
0.007953,0.008773,4673,200,41,http://localhost:8080/config
0.007770,0.008679,4724,200,41,http://localhost:8080/config
0.007505,0.008389,4887,200,41,http://localhost:8080/config
0.007620,0.008473,4838,200,41,http://localhost:8080/config
0.007531,0.008403,4879,200,41,http://localhost:8080/config
0.007540,0.008446,4854,200,41,http://localhost:8080/config
0.007569,0.008479,4835,200,41,http://localhost:8080/config
0.007674,0.008525,4809,200,41,http://localhost:8080/config
0.007719,0.008574,4781,200,41,http://localhost:8080/config
0.007526,0.008375,4895,200,41,http://localhost:8080/config
0.007681,0.008512,4816,200,41,http://localhost:8080/config
0.007812,0.008692,4716,200,41,http://localhost:8080/config
0.007692,0.008577,4780,200,41,http://localhost:8080/config
0.007705,0.008578,4779,200,41,http://localhost:8080/config
0.007747,0.008628,4751,200,41,http://localhost:8080/config
0.008289,0.009262,4426,200,41,http://localhost:8080/config
0.008033,0.008927,4592,200,41,http://localhost:8080/config
0.007616,0.008486,4831,200,41,http://localhost:8080/config
0.007581,0.008421,4868,200,41,http://localhost:8080/config
0.007857,0.008715,4704,200,41,http://localhost:8080/config
0.007984,0.008900,4606,200,41,http://localhost:8080/config
0.008051,0.008912,4600,200,41,http://localhost:8080/config
0.008176,0.008965,4573,200,41,http://localhost:8080/config
0.007974,0.008829,4643,200,41,http://localhost:8080/config
0.008250,0.009097,4506,200,41,http://localhost:8080/config
0.008205,0.009054,4528,200,41,http://localhost:8080/config
0.008053,0.008888,4612,200,41,http://localhost:8080/config
0.007700,0.008566,4786,200,41,http://localhost:8080/config
0.008031,0.008887,4613,200,41,http://localhost:8080/config
0.008060,0.008975,4568,200,41,http://localhost:8080/config
0.008020,0.008884,4615,200,41,http://localhost:8080/config
0.008192,0.009080,4515,200,41,http://localhost:8080/config
0.008047,0.008891,4611,200,41,http://localhost:8080/config
0.008152,0.008960,4575,200,41,http://localhost:8080/config
0.008049,0.008968,4571,200,41,http://localhost:8080/config
0.007993,0.008855,4630,200,41,http://localhost:8080/config
0.008041,0.008886,4613,200,41,http://localhost:8080/config
0.008103,0.008911,4601,200,41,http://localhost:8080/config
0.008162,0.009006,4552,200,41,http://localhost:8080/config
0.008618,0.009603,4269,200,41,http://localhost:8080/config
0.008094,0.008925,4593,200,41,http://localhost:8080/config
0.008680,0.009576,4281,200,41,http://localhost:8080/config
0.008026,0.008921,4595,200,41,http://localhost:8080/config
0.008127,0.008957,4577,200,41,http://localhost:8080/config
0.008152,0.008977,4567,200,41,http://localhost:8080/config
0.008424,0.009300,4408,200,41,http://localhost:8080/config
0.009586,0.010665,3844,200,41,http://localhost:8080/config
0.008393,0.009336,4391,200,41,http://localhost:8080/config
0.007869,0.008746,4687,200,41,http://localhost:8080/config
0.008257,0.009148,4481,200,41,http://localhost:8080/config
0.007933,0.008911,4601,200,41,http://localhost:8080/config
0.007521,0.008324,4925,200,41,http://localhost:8080/config
0.007522,0.008387,4888,200,41,http://localhost:8080/config
0.007768,0.008663,4732,200,41,http://localhost:8080/config
0.008021,0.008907,4603,200,41,http://localhost:8080/config
0.007544,0.008457,4848,200,41,http://localhost:8080/config
0.007995,0.008768,4676,200,41,http://localhost:8080/config
0.007912,0.008848,4633,200,41,http://localhost:8080/config
0.007732,0.008677,4725,200,41,http://localhost:8080/config
0.007826,0.008724,4699,200,41,http://localhost:8080/config
0.007831,0.008801,4658,200,41,http://localhost:8080/config
0.007596,0.008493,4827,200,41,http://localhost:8080/config
0.007912,0.008872,4621,200,41,http://localhost:8080/config
0.007386,0.008219,4988,200,41,http://localhost:8080/config
0.007721,0.008523,4810,200,41,http://localhost:8080/config
0.007518,0.008353,4908,200,41,http://localhost:8080/config
0.007586,0.008418,4870,200,41,http://localhost:8080/config
0.007500,0.008377,4894,200,41,http://localhost:8080/config
0.008139,0.009073,4518,200,41,http://localhost:8080/config
0.008664,0.009586,4277,200,41,http://localhost:8080/config
0.008549,0.009631,4257,200,41,http://localhost:8080/config
0.008767,0.009667,4241,200,41,http://localhost:8080/config
0.008299,0.009582,4278,200,41,http://localhost:8080/config
0.009357,0.010221,4011,200,41,http://localhost:8080/config
0.010561,0.011605,3532,200,41,http://localhost:8080/config
0.010041,0.011075,3702,200,41,http://localhost:8080/config
0.010423,0.011572,3543,200,41,http://localhost:8080/config
0.008308,0.009084,4513,200,41,http://localhost:8080/config
0.007697,0.008544,4798,200,41,http://localhost:8080/config
0.007524,0.008504,4821,200,41,http://localhost:8080/config
0.008190,0.008961,4575,200,41,http://localhost:8080/config
0.007593,0.008484,4832,200,41,http://localhost:8080/config
0.008398,0.009325,4396,200,41,http://localhost:8080/config
0.008958,0.009849,4162,200,41,http://localhost:8080/config
0.008337,0.009232,4441,200,41,http://localhost:8080/config
0.008055,0.008912,4600,200,41,http://localhost:8080/config
0.008497,0.009435,4345,200,41,http://localhost:8080/config
0.008458,0.009293,4411,200,41,http://localhost:8080/config
0.009146,0.010045,4081,200,41,http://localhost:8080/config
0.008812,0.009774,4194,200,41,http://localhost:8080/config
0.008281,0.009238,4438,200,41,http://localhost:8080/config
0.008022,0.008879,4617,200,41,http://localhost:8080/config
0.009034,0.010246,4001,200,41,http://localhost:8080/config
0.008055,0.009340,4389,200,41,http://localhost:8080/config
0.008337,0.009255,4430,200,41,http://localhost:8080/config
0.008385,0.009225,4444,200,41,http://localhost:8080/config
0.008232,0.009035,4537,200,41,http://localhost:8080/config
0.008444,0.009307,4405,200,41,http://localhost:8080/config
0.008374,0.009260,4427,200,41,http://localhost:8080/config
0.008400,0.009266,4424,200,41,http://localhost:8080/config
0.008042,0.008899,4607,200,41,http://localhost:8080/config
0.008338,0.009250,4432,200,41,http://localhost:8080/config
0.008025,0.008966,4572,200,41,http://localhost:8080/config
0.008533,0.009469,4329,200,41,http://localhost:8080/config
0.008386,0.009210,4451,200,41,http://localhost:8080/config
0.007997,0.008881,4616,200,41,http://localhost:8080/config
0.008217,0.009099,4505,200,41,http://localhost:8080/config
0.008407,0.009295,4410,200,41,http://localhost:8080/config
0.009117,0.010092,4062,200,41,http://localhost:8080/config
0.008582,0.009457,4335,200,41,http://localhost:8080/config
0.008186,0.009161,4475,200,41,http://localhost:8080/config
0.009327,0.010288,3985,200,41,http://localhost:8080/config
0.008550,0.009453,4337,200,41,http://localhost:8080/config
0.008417,0.009331,4393,200,41,http://localhost:8080/config
0.008196,0.009116,4497,200,41,http://localhost:8080/config
0.008374,0.009378,4371,200,41,http://localhost:8080/config
0.008992,0.009874,4152,200,41,http://localhost:8080/config
0.009643,0.010553,3885,200,41,http://localhost:8080/config
0.009092,0.010149,4039,200,41,http://localhost:8080/config
0.009839,0.010734,3819,200,41,http://localhost:8080/config
0.008651,0.009481,4324,200,41,http://localhost:8080/config
0.008608,0.009712,4221,200,41,http://localhost:8080/config
0.008831,0.010009,4096,200,41,http://localhost:8080/config
0.008711,0.009719,4218,200,41,http://localhost:8080/config
0.008504,0.009459,4334,200,41,http://localhost:8080/config
0.009068,0.010014,4094,200,41,http://localhost:8080/config
0.009413,0.010319,3973,200,41,http://localhost:8080/config
0.008486,0.009382,4370,200,41,http://localhost:8080/config
0.008701,0.009533,4300,200,41,http://localhost:8080/config
0.008638,0.009829,4171,200,41,http://localhost:8080/config
0.008338,0.009237,4438,200,41,http://localhost:8080/config
0.009914,0.010989,3731,200,41,http://localhost:8080/config
0.008236,0.009294,4411,200,41,http://localhost:8080/config
0.008560,0.009511,4310,200,41,http://localhost:8080/config
0.009083,0.010009,4096,200,41,http://localhost:8080/config
0.008490,0.009322,4398,200,41,http://localhost:8080/config
0.008695,0.009543,4296,200,41,http://localhost:8080/config
0.008635,0.009726,4215,200,41,http://localhost:8080/config
0.010988,0.012280,3338,200,41,http://localhost:8080/config
0.011194,0.013126,3123,200,41,http://localhost:8080/config
0.009145,0.010374,3952,200,41,http://localhost:8080/config
0.009529,0.010777,3804,200,41,http://localhost:8080/config
0.009365,0.010538,3890,200,41,http://localhost:8080/config
0.010605,0.011607,3532,200,41,http://localhost:8080/config
0.008874,0.009867,4155,200,41,http://localhost:8080/config
0.008532,0.009558,4289,200,41,http://localhost:8080/config
0.007904,0.008864,4625,200,41,http://localhost:8080/config
0.007705,0.008615,4759,200,41,http://localhost:8080/config
0.008642,0.009660,4244,200,41,http://localhost:8080/config
0.007889,0.008795,4661,200,41,http://localhost:8080/config
0.007570,0.008517,4813,200,41,http://localhost:8080/config
0.007442,0.008336,4918,200,41,http://localhost:8080/config
0.007463,0.008372,4897,200,41,http://localhost:8080/config
0.007464,0.008343,4914,200,41,http://localhost:8080/config
0.007185,0.008018,5113,200,41,http://localhost:8080/config
0.007309,0.008190,5006,200,41,http://localhost:8080/config
0.007447,0.008294,4943,200,41,http://localhost:8080/config
0.007935,0.008999,4556,200,41,http://localhost:8080/config
0.008130,0.008952,4579,200,41,http://localhost:8080/config
0.007712,0.008585,4775,200,41,http://localhost:8080/config
0.007488,0.008402,4879,200,41,http://localhost:8080/config
0.007388,0.008310,4933,200,41,http://localhost:8080/config
0.007549,0.008357,4906,200,41,http://localhost:8080/config
0.007241,0.008144,5034,200,41,http://localhost:8080/config
0.007424,0.008279,4952,200,41,http://localhost:8080/config
0.007601,0.008445,4854,200,41,http://localhost:8080/config
0.008011,0.008990,4560,200,41,http://localhost:8080/config
0.008025,0.008887,4613,200,41,http://localhost:8080/config
0.008961,0.009818,4176,200,41,http://localhost:8080/config
0.007855,0.008818,4649,200,41,http://localhost:8080/config
0.008121,0.009030,4540,200,41,http://localhost:8080/config
0.008059,0.009092,4509,200,41,http://localhost:8080/config
0.007763,0.008678,4724,200,41,http://localhost:8080/config
0.008122,0.009055,4527,200,41,http://localhost:8080/config
0.008198,0.009072,4519,200,41,http://localhost:8080/config
0.007379,0.008243,4973,200,41,http://localhost:8080/config
0.007793,0.008580,4778,200,41,http://localhost:8080/config
0.007753,0.008597,4769,200,41,http://localhost:8080/config
0.007505,0.008381,4892,200,41,http://localhost:8080/config
0.007831,0.008695,4715,200,41,http://localhost:8080/config
0.007757,0.008657,4736,200,41,http://localhost:8080/config
0.007518,0.008370,4898,200,41,http://localhost:8080/config
0.007537,0.008398,4882,200,41,http://localhost:8080/config
0.008327,0.009192,4460,200,41,http://localhost:8080/config
0.007686,0.008525,4809,200,41,http://localhost:8080/config
0.007976,0.008887,4613,200,41,http://localhost:8080/config
0.007895,0.008798,4660,200,41,http://localhost:8080/config
0.007369,0.008193,5004,200,41,http://localhost:8080/config
0.008583,0.009922,4132,200,41,http://localhost:8080/config
0.007812,0.008692,4716,200,41,http://localhost:8080/config
0.007724,0.008596,4769,200,41,http://localhost:8080/config
0.007601,0.008487,4830,200,41,http://localhost:8080/config
0.007695,0.008467,4842,200,41,http://localhost:8080/config
0.007301,0.008173,5016,200,41,http://localhost:8080/config
